RBP,Cell & tissue typeHepG2K562,RBS location,Score,PhastCons score,PhyloP score,Transcript ID,Data accession,Overexpression Info
QKI,HepG2,chr12:93416987-93417097;-,26.754,0.041,0.149,ENST00000318066,ENCODE,No
QKI,HepG2,chr12:93416987-93417097;-,26.754,0.041,0.149,ENST00000549490,ENCODE,No
QKI,HepG2,chr12:93416987-93417097;-,26.754,0.041,0.149,ENST00000549833,ENCODE,No
QKI,HepG2,chr12:93416987-93417097;-,26.754,0.041,0.149,ENST00000550657,ENCODE,No
QKI,HepG2,chr12:93416987-93417097;-,26.754,0.041,0.149,ENST00000552442,ENCODE,No
NKRF,HepG2,chr12:93441504-93441703;-,24.71,0.223,0.392,ENST00000318066,ENCODE,No
NKRF,HepG2,chr12:93441504-93441703;-,24.71,0.223,0.392,ENST00000549490,ENCODE,No
NKRF,HepG2,chr12:93441504-93441703;-,24.71,0.223,0.392,ENST00000550657,ENCODE,No
NKRF,HepG2,chr12:93441504-93441703;-,24.71,0.223,0.392,ENST00000552442,ENCODE,No
QKI,HepG2,chr12:93416967-93417090;-,23.708,0.106,0.222,ENST00000318066,ENCODE,No
QKI,HepG2,chr12:93416967-93417090;-,23.708,0.106,0.222,ENST00000549490,ENCODE,No
QKI,HepG2,chr12:93416967-93417090;-,23.708,0.106,0.222,ENST00000549833,ENCODE,No
QKI,HepG2,chr12:93416967-93417090;-,23.708,0.106,0.222,ENST00000550657,ENCODE,No
QKI,HepG2,chr12:93416967-93417090;-,23.708,0.106,0.222,ENST00000552442,ENCODE,No
NKRF,HepG2,chr12:93441394-93441570;-,18.453,0.14,0.159,ENST00000318066,ENCODE,No
NKRF,HepG2,chr12:93441394-93441570;-,18.453,0.14,0.159,ENST00000549490,ENCODE,No
NKRF,HepG2,chr12:93441394-93441570;-,18.453,0.14,0.159,ENST00000550657,ENCODE,No
NKRF,HepG2,chr12:93441394-93441570;-,18.453,0.14,0.159,ENST00000552442,ENCODE,No
UPF1,K562,chr12:93409520-93409614;-,17.027,0.977,3.406,ENST00000318066,ENCODE,No
UPF1,K562,chr12:93409520-93409614;-,17.027,0.977,3.406,ENST00000550657,ENCODE,No
PABPC4,K562,chr12:93409508-93409557;-,16.609,0.957,3.285,ENST00000318066,ENCODE,No
PABPC4,K562,chr12:93409508-93409557;-,16.609,0.957,3.285,ENST00000550657,ENCODE,No
PCBP2,HepG2,chr12:93438265-93438344;-,15.483,0.007,-0.307,ENST00000318066,ENCODE,No
PCBP2,HepG2,chr12:93438265-93438344;-,15.483,0.007,-0.307,ENST00000549490,ENCODE,No
PCBP2,HepG2,chr12:93438265-93438344;-,15.483,0.007,-0.307,ENST00000549833,ENCODE,No
PCBP2,HepG2,chr12:93438265-93438344;-,15.483,0.007,-0.307,ENST00000550657,ENCODE,No
PCBP2,HepG2,chr12:93438265-93438344;-,15.483,0.007,-0.307,ENST00000552442,ENCODE,No
DDX3X,K562,chr12:93441898-93441952;-,15.269,0.976,1.575,ENST00000318066,ENCODE,No
XRN2,HepG2,chr12:93441642-93441708;-,14.423,0.419,0.819,ENST00000318066,ENCODE,No
XRN2,HepG2,chr12:93441642-93441708;-,14.423,0.419,0.819,ENST00000549490,ENCODE,No
XRN2,HepG2,chr12:93441642-93441708;-,14.423,0.419,0.819,ENST00000550657,ENCODE,No
XRN2,HepG2,chr12:93441642-93441708;-,14.423,0.419,0.819,ENST00000552442,ENCODE,No
TIA1,K562,chr12:93409602-93409653;-,13.334,0.998,2.8,ENST00000318066,ENCODE,No
TIA1,K562,chr12:93409602-93409653;-,13.334,0.998,2.8,ENST00000550657,ENCODE,No
SF3B1,K562,chr12:93419990-93420033;-,13.023,0.012,0.221,ENST00000318066,ENCODE,No
SF3B1,K562,chr12:93419990-93420033;-,13.023,0.012,0.221,ENST00000549490,ENCODE,No
SF3B1,K562,chr12:93419990-93420033;-,13.023,0.012,0.221,ENST00000549833,ENCODE,No
SF3B1,K562,chr12:93419990-93420033;-,13.023,0.012,0.221,ENST00000550657,ENCODE,No
SF3B1,K562,chr12:93419990-93420033;-,13.023,0.012,0.221,ENST00000552442,ENCODE,No
UPF1,K562,chr12:93409614-93409675;-,12.548,0.861,2.181,ENST00000318066,ENCODE,No
UPF1,K562,chr12:93409614-93409675;-,12.548,0.861,2.181,ENST00000550657,ENCODE,No
YBX3,K562,chr12:93409966-93410040;-,11.825,0.994,4.065,ENST00000318066,ENCODE,No
YBX3,K562,chr12:93409966-93410040;-,11.825,0.994,4.065,ENST00000550657,ENCODE,No
YBX3,K562,chr12:93409966-93410040;-,11.825,0.994,4.065,ENST00000549833,ENCODE,No
YBX3,K562,chr12:93409966-93410040;-,11.825,0.994,4.065,ENST00000549490,ENCODE,No
YBX3,K562,chr12:93409966-93410040;-,11.825,0.994,4.065,ENST00000552442,ENCODE,No
QKI,HepG2,chr12:93438688-93438763;-,10.834,0.006,-0.062,ENST00000318066,ENCODE,No
QKI,HepG2,chr12:93438688-93438763;-,10.834,0.006,-0.062,ENST00000549490,ENCODE,No
QKI,HepG2,chr12:93438688-93438763;-,10.834,0.006,-0.062,ENST00000549833,ENCODE,No
QKI,HepG2,chr12:93438688-93438763;-,10.834,0.006,-0.062,ENST00000550657,ENCODE,No
QKI,HepG2,chr12:93438688-93438763;-,10.834,0.006,-0.062,ENST00000552442,ENCODE,No
DDX3X,HepG2,chr12:93441632-93441708;-,10.78,0.37,0.689,ENST00000318066,ENCODE,No
DDX3X,HepG2,chr12:93441632-93441708;-,10.78,0.37,0.689,ENST00000549490,ENCODE,No
DDX3X,HepG2,chr12:93441632-93441708;-,10.78,0.37,0.689,ENST00000550657,ENCODE,No
DDX3X,HepG2,chr12:93441632-93441708;-,10.78,0.37,0.689,ENST00000552442,ENCODE,No
YBX3,K562,chr12:93408755-93408821;-,10.708,0.177,0.583,ENST00000318066,ENCODE,No
YBX3,K562,chr12:93408755-93408821;-,10.708,0.177,0.583,ENST00000550657,ENCODE,No
TIA1,K562,chr12:93409612-93409672;-,10.023,0.859,2.213,ENST00000318066,ENCODE,No
TIA1,K562,chr12:93409612-93409672;-,10.023,0.859,2.213,ENST00000550657,ENCODE,No
CSTF2,HepG2,chr12:93408284-93408363;-,9.635,0.666,1.457,ENST00000318066,ENCODE,No
FAM120A,HepG2,chr12:93441598-93441697;-,9.434,0.305,0.453,ENST00000318066,ENCODE,No
FAM120A,HepG2,chr12:93441598-93441697;-,9.434,0.305,0.453,ENST00000549490,ENCODE,No
FAM120A,HepG2,chr12:93441598-93441697;-,9.434,0.305,0.453,ENST00000550657,ENCODE,No
FAM120A,HepG2,chr12:93441598-93441697;-,9.434,0.305,0.453,ENST00000552442,ENCODE,No
QKI,HepG2,chr12:93438707-93438795;-,9.242,0.005,-0.17,ENST00000318066,ENCODE,No
QKI,HepG2,chr12:93438707-93438795;-,9.242,0.005,-0.17,ENST00000549490,ENCODE,No
QKI,HepG2,chr12:93438707-93438795;-,9.242,0.005,-0.17,ENST00000549833,ENCODE,No
QKI,HepG2,chr12:93438707-93438795;-,9.242,0.005,-0.17,ENST00000550657,ENCODE,No
QKI,HepG2,chr12:93438707-93438795;-,9.242,0.005,-0.17,ENST00000552442,ENCODE,No
HNRNPM,HepG2,chr12:93425702-93425883;-,8.929,0.105,0.238,ENST00000318066,ENCODE,No
HNRNPM,HepG2,chr12:93425702-93425883;-,8.929,0.105,0.238,ENST00000549490,ENCODE,No
HNRNPM,HepG2,chr12:93425702-93425883;-,8.929,0.105,0.238,ENST00000549833,ENCODE,No
HNRNPM,HepG2,chr12:93425702-93425883;-,8.929,0.105,0.238,ENST00000550657,ENCODE,No
HNRNPM,HepG2,chr12:93425702-93425883;-,8.929,0.105,0.238,ENST00000552442,ENCODE,No
EFTUD2,HepG2,chr12:93441389-93441479;-,8.783,0.009,-0.049,ENST00000318066,ENCODE,No
EFTUD2,HepG2,chr12:93441389-93441479;-,8.783,0.009,-0.049,ENST00000549490,ENCODE,No
EFTUD2,HepG2,chr12:93441389-93441479;-,8.783,0.009,-0.049,ENST00000550657,ENCODE,No
EFTUD2,HepG2,chr12:93441389-93441479;-,8.783,0.009,-0.049,ENST00000552442,ENCODE,No
G3BP1,HepG2,chr12:93410734-93410826;-,8.529,0.997,5.812,ENST00000318066,ENCODE,No
G3BP1,HepG2,chr12:93410734-93410826;-,8.529,0.997,5.812,ENST00000549833,ENCODE,No
NONO,K562,chr12:93441292-93441382;-,8.497,0.408,0.647,ENST00000318066,ENCODE,No
NONO,K562,chr12:93441292-93441382;-,8.497,0.408,0.647,ENST00000549490,ENCODE,No
NONO,K562,chr12:93441292-93441382;-,8.497,0.408,0.647,ENST00000550657,ENCODE,No
NONO,K562,chr12:93441292-93441382;-,8.497,0.408,0.647,ENST00000552442,ENCODE,No
FUBP3,HepG2,chr12:93409298-93409362;-,8.219,1,4.047,ENST00000318066,ENCODE,No
FUBP3,HepG2,chr12:93409298-93409362;-,8.219,1,4.047,ENST00000550657,ENCODE,No
YBX3,K562,chr12:93409945-93410041;-,8.208,0.995,4.099,ENST00000318066,ENCODE,No
YBX3,K562,chr12:93409945-93410041;-,8.208,0.995,4.099,ENST00000550657,ENCODE,No
YBX3,K562,chr12:93409945-93410041;-,8.208,0.995,4.099,ENST00000549833,ENCODE,No
YBX3,K562,chr12:93409945-93410041;-,8.208,0.995,4.099,ENST00000549490,ENCODE,No
YBX3,K562,chr12:93409945-93410041;-,8.208,0.995,4.099,ENST00000552442,ENCODE,No
XRN2,HepG2,chr12:93441522-93441614;-,7.923,0.084,0.277,ENST00000318066,ENCODE,No
XRN2,HepG2,chr12:93441522-93441614;-,7.923,0.084,0.277,ENST00000549490,ENCODE,No
XRN2,HepG2,chr12:93441522-93441614;-,7.923,0.084,0.277,ENST00000550657,ENCODE,No
XRN2,HepG2,chr12:93441522-93441614;-,7.923,0.084,0.277,ENST00000552442,ENCODE,No
EFTUD2,HepG2,chr12:93441479-93441545;-,7.79,0.319,0.493,ENST00000318066,ENCODE,No
EFTUD2,HepG2,chr12:93441479-93441545;-,7.79,0.319,0.493,ENST00000549490,ENCODE,No
EFTUD2,HepG2,chr12:93441479-93441545;-,7.79,0.319,0.493,ENST00000550657,ENCODE,No
EFTUD2,HepG2,chr12:93441479-93441545;-,7.79,0.319,0.493,ENST00000552442,ENCODE,No
IGF2BP1,K562,chr12:93408836-93408915;-,7.756,0.151,0.648,ENST00000318066,ENCODE,No
IGF2BP1,K562,chr12:93408836-93408915;-,7.756,0.151,0.648,ENST00000550657,ENCODE,No
CSTF2,HepG2,chr12:93408286-93408361;-,7.667,0.669,1.462,ENST00000318066,ENCODE,No
LARP4,HepG2,chr12:93409611-93409671;-,7.626,0.862,2.208,ENST00000318066,ENCODE,No
LARP4,HepG2,chr12:93409611-93409671;-,7.626,0.862,2.208,ENST00000550657,ENCODE,No
PABPC4,K562,chr12:93408410-93408505;-,7.488,0.951,2.356,ENST00000318066,ENCODE,No
PABPC4,K562,chr12:93408410-93408505;-,7.488,0.951,2.356,ENST00000550657,ENCODE,No
NONO,K562,chr12:93441477-93441570;-,7.278,0.263,0.431,ENST00000318066,ENCODE,No
NONO,K562,chr12:93441477-93441570;-,7.278,0.263,0.431,ENST00000549490,ENCODE,No
NONO,K562,chr12:93441477-93441570;-,7.278,0.263,0.431,ENST00000550657,ENCODE,No
NONO,K562,chr12:93441477-93441570;-,7.278,0.263,0.431,ENST00000552442,ENCODE,No
HNRNPM,HepG2,chr12:93441298-93441470;-,6.948,0.218,0.289,ENST00000318066,ENCODE,No
HNRNPM,HepG2,chr12:93441298-93441470;-,6.948,0.218,0.289,ENST00000549490,ENCODE,No
HNRNPM,HepG2,chr12:93441298-93441470;-,6.948,0.218,0.289,ENST00000550657,ENCODE,No
HNRNPM,HepG2,chr12:93441298-93441470;-,6.948,0.218,0.289,ENST00000552442,ENCODE,No
NONO,K562,chr12:93441275-93441369;-,6.943,0.378,0.589,ENST00000318066,ENCODE,No
NONO,K562,chr12:93441275-93441369;-,6.943,0.378,0.589,ENST00000549490,ENCODE,No
NONO,K562,chr12:93441275-93441369;-,6.943,0.378,0.589,ENST00000550657,ENCODE,No
NONO,K562,chr12:93441275-93441369;-,6.943,0.378,0.589,ENST00000552442,ENCODE,No
TIAL1,HepG2,chr12:93409581-93409676;-,6.867,0.909,2.71,ENST00000318066,ENCODE,No
TIAL1,HepG2,chr12:93409581-93409676;-,6.867,0.909,2.71,ENST00000550657,ENCODE,No
RPS3,K562,chr12:93411177-93411237;-,6.855,0.999,6.259,ENST00000550657,ENCODE,No
RPS3,K562,chr12:93411177-93411237;-,6.855,0.999,6.259,ENST00000318066,ENCODE,No
RPS3,K562,chr12:93411177-93411237;-,6.855,0.999,6.259,ENST00000552442,ENCODE,No
RPS3,K562,chr12:93411177-93411237;-,6.855,0.999,6.259,ENST00000549490,ENCODE,No
PRPF8,HepG2,chr12:93441650-93441703;-,6.741,0.521,0.963,ENST00000318066,ENCODE,No
PRPF8,HepG2,chr12:93441650-93441703;-,6.741,0.521,0.963,ENST00000549490,ENCODE,No
PRPF8,HepG2,chr12:93441650-93441703;-,6.741,0.521,0.963,ENST00000550657,ENCODE,No
PRPF8,HepG2,chr12:93441650-93441703;-,6.741,0.521,0.963,ENST00000552442,ENCODE,No
PCBP2,HepG2,chr12:93438276-93438322;-,6.712,0.001,-0.386,ENST00000318066,ENCODE,No
PCBP2,HepG2,chr12:93438276-93438322;-,6.712,0.001,-0.386,ENST00000549490,ENCODE,No
PCBP2,HepG2,chr12:93438276-93438322;-,6.712,0.001,-0.386,ENST00000549833,ENCODE,No
PCBP2,HepG2,chr12:93438276-93438322;-,6.712,0.001,-0.386,ENST00000550657,ENCODE,No
PCBP2,HepG2,chr12:93438276-93438322;-,6.712,0.001,-0.386,ENST00000552442,ENCODE,No
MATR3,HepG2,chr12:93439445-93439522;-,6.56,0.001,-0.294,ENST00000318066,ENCODE,No
MATR3,HepG2,chr12:93439445-93439522;-,6.56,0.001,-0.294,ENST00000549490,ENCODE,No
MATR3,HepG2,chr12:93439445-93439522;-,6.56,0.001,-0.294,ENST00000549833,ENCODE,No
MATR3,HepG2,chr12:93439445-93439522;-,6.56,0.001,-0.294,ENST00000550657,ENCODE,No
MATR3,HepG2,chr12:93439445-93439522;-,6.56,0.001,-0.294,ENST00000552442,ENCODE,No
QKI,K562,chr12:93417005-93417101;-,6.517,0.046,0.137,ENST00000318066,ENCODE,No
QKI,K562,chr12:93417005-93417101;-,6.517,0.046,0.137,ENST00000549490,ENCODE,No
QKI,K562,chr12:93417005-93417101;-,6.517,0.046,0.137,ENST00000549833,ENCODE,No
QKI,K562,chr12:93417005-93417101;-,6.517,0.046,0.137,ENST00000550657,ENCODE,No
QKI,K562,chr12:93417005-93417101;-,6.517,0.046,0.137,ENST00000552442,ENCODE,No
UPF1,HepG2,chr12:93409566-93409680;-,6.512,0.923,2.649,ENST00000318066,ENCODE,No
UPF1,HepG2,chr12:93409566-93409680;-,6.512,0.923,2.649,ENST00000550657,ENCODE,No
QKI,HepG2,chr12:93438763-93438831;-,6.496,0.034,-0.138,ENST00000318066,ENCODE,No
QKI,HepG2,chr12:93438763-93438831;-,6.496,0.034,-0.138,ENST00000549490,ENCODE,No
QKI,HepG2,chr12:93438763-93438831;-,6.496,0.034,-0.138,ENST00000549833,ENCODE,No
QKI,HepG2,chr12:93438763-93438831;-,6.496,0.034,-0.138,ENST00000550657,ENCODE,No
QKI,HepG2,chr12:93438763-93438831;-,6.496,0.034,-0.138,ENST00000552442,ENCODE,No
HNRNPM,K562,chr12:93441277-93441407;-,6.423,0.294,0.504,ENST00000318066,ENCODE,No
HNRNPM,K562,chr12:93441277-93441407;-,6.423,0.294,0.504,ENST00000549490,ENCODE,No
HNRNPM,K562,chr12:93441277-93441407;-,6.423,0.294,0.504,ENST00000550657,ENCODE,No
HNRNPM,K562,chr12:93441277-93441407;-,6.423,0.294,0.504,ENST00000552442,ENCODE,No
TBRG4,HepG2,chr12:93408867-93408910;-,6.318,0.044,0.383,ENST00000318066,ENCODE,No
TBRG4,HepG2,chr12:93408867-93408910;-,6.318,0.044,0.383,ENST00000550657,ENCODE,No
PABPC4,K562,chr12:93409997-93410040;-,6.268,0.99,3.582,ENST00000318066,ENCODE,No
PABPC4,K562,chr12:93409997-93410040;-,6.268,0.99,3.582,ENST00000550657,ENCODE,No
PABPC4,K562,chr12:93409997-93410040;-,6.268,0.99,3.582,ENST00000549833,ENCODE,No
PABPC4,K562,chr12:93409997-93410040;-,6.268,0.99,3.582,ENST00000549490,ENCODE,No
PABPC4,K562,chr12:93409997-93410040;-,6.268,0.99,3.582,ENST00000552442,ENCODE,No
PRPF4,HepG2,chr12:93441632-93441716;-,6.251,0.402,0.709,ENST00000318066,ENCODE,No
PRPF4,HepG2,chr12:93441632-93441716;-,6.251,0.402,0.709,ENST00000549490,ENCODE,No
PRPF4,HepG2,chr12:93441632-93441716;-,6.251,0.402,0.709,ENST00000550657,ENCODE,No
PRPF4,HepG2,chr12:93441632-93441716;-,6.251,0.402,0.709,ENST00000552442,ENCODE,No
ZC3H11A,K562,chr12:93409564-93409676;-,6.097,0.923,2.703,ENST00000318066,ENCODE,No
ZC3H11A,K562,chr12:93409564-93409676;-,6.097,0.923,2.703,ENST00000550657,ENCODE,No
NONO,K562,chr12:93441638-93441700;-,6.017,0.444,0.817,ENST00000318066,ENCODE,No
NONO,K562,chr12:93441638-93441700;-,6.017,0.444,0.817,ENST00000549490,ENCODE,No
NONO,K562,chr12:93441638-93441700;-,6.017,0.444,0.817,ENST00000550657,ENCODE,No
NONO,K562,chr12:93441638-93441700;-,6.017,0.444,0.817,ENST00000552442,ENCODE,No
NONO,K562,chr12:93441570-93441674;-,5.986,0.159,0.286,ENST00000318066,ENCODE,No
NONO,K562,chr12:93441570-93441674;-,5.986,0.159,0.286,ENST00000549490,ENCODE,No
NONO,K562,chr12:93441570-93441674;-,5.986,0.159,0.286,ENST00000550657,ENCODE,No
NONO,K562,chr12:93441570-93441674;-,5.986,0.159,0.286,ENST00000552442,ENCODE,No
PTBP1,HepG2,chr12:93439437-93439489;-,5.936,0,-0.384,ENST00000318066,ENCODE,No
PTBP1,HepG2,chr12:93439437-93439489;-,5.936,0,-0.384,ENST00000549490,ENCODE,No
PTBP1,HepG2,chr12:93439437-93439489;-,5.936,0,-0.384,ENST00000549833,ENCODE,No
PTBP1,HepG2,chr12:93439437-93439489;-,5.936,0,-0.384,ENST00000550657,ENCODE,No
PTBP1,HepG2,chr12:93439437-93439489;-,5.936,0,-0.384,ENST00000552442,ENCODE,No
FUBP3,HepG2,chr12:93409300-93409363;-,5.919,1,4.101,ENST00000318066,ENCODE,No
FUBP3,HepG2,chr12:93409300-93409363;-,5.919,1,4.101,ENST00000550657,ENCODE,No
UPF1,K562,chr12:93409038-93409104;-,5.759,0.156,0.685,ENST00000318066,ENCODE,No
UPF1,K562,chr12:93409038-93409104;-,5.759,0.156,0.685,ENST00000550657,ENCODE,No
YBX3,K562,chr12:93409503-93409548;-,5.676,0.953,3.464,ENST00000318066,ENCODE,No
YBX3,K562,chr12:93409503-93409548;-,5.676,0.953,3.464,ENST00000550657,ENCODE,No
GEMIN5,K562,chr12:93441640-93441692;-,5.627,0.519,0.886,ENST00000318066,ENCODE,No
GEMIN5,K562,chr12:93441640-93441692;-,5.627,0.519,0.886,ENST00000549490,ENCODE,No
GEMIN5,K562,chr12:93441640-93441692;-,5.627,0.519,0.886,ENST00000550657,ENCODE,No
GEMIN5,K562,chr12:93441640-93441692;-,5.627,0.519,0.886,ENST00000552442,ENCODE,No
GTF2F1,HepG2,chr12:93441595-93441697;-,5.467,0.296,0.449,ENST00000318066,ENCODE,No
GTF2F1,HepG2,chr12:93441595-93441697;-,5.467,0.296,0.449,ENST00000549490,ENCODE,No
GTF2F1,HepG2,chr12:93441595-93441697;-,5.467,0.296,0.449,ENST00000550657,ENCODE,No
GTF2F1,HepG2,chr12:93441595-93441697;-,5.467,0.296,0.449,ENST00000552442,ENCODE,No
CSTF2T,HepG2,chr12:93441290-93441365;-,5.465,0.411,0.648,ENST00000318066,ENCODE,No
CSTF2T,HepG2,chr12:93441290-93441365;-,5.465,0.411,0.648,ENST00000549490,ENCODE,No
CSTF2T,HepG2,chr12:93441290-93441365;-,5.465,0.411,0.648,ENST00000550657,ENCODE,No
CSTF2T,HepG2,chr12:93441290-93441365;-,5.465,0.411,0.648,ENST00000552442,ENCODE,No
DHX30,K562,chr12:93441311-93441357;-,5.454,0.5,0.668,ENST00000318066,ENCODE,No
DHX30,K562,chr12:93441311-93441357;-,5.454,0.5,0.668,ENST00000549490,ENCODE,No
DHX30,K562,chr12:93441311-93441357;-,5.454,0.5,0.668,ENST00000550657,ENCODE,No
DHX30,K562,chr12:93441311-93441357;-,5.454,0.5,0.668,ENST00000552442,ENCODE,No
HNRNPM,K562,chr12:93441407-93441513;-,5.372,0.127,0.048,ENST00000318066,ENCODE,No
HNRNPM,K562,chr12:93441407-93441513;-,5.372,0.127,0.048,ENST00000549490,ENCODE,No
HNRNPM,K562,chr12:93441407-93441513;-,5.372,0.127,0.048,ENST00000550657,ENCODE,No
HNRNPM,K562,chr12:93441407-93441513;-,5.372,0.127,0.048,ENST00000552442,ENCODE,No
UTP3,K562,chr12:93424127-93424133;-,5.244,0,-0.006,ENST00000318066,ENCODE,No
UTP3,K562,chr12:93424127-93424133;-,5.244,0,-0.006,ENST00000549490,ENCODE,No
UTP3,K562,chr12:93424127-93424133;-,5.244,0,-0.006,ENST00000549833,ENCODE,No
UTP3,K562,chr12:93424127-93424133;-,5.244,0,-0.006,ENST00000550657,ENCODE,No
UTP3,K562,chr12:93424127-93424133;-,5.244,0,-0.006,ENST00000552442,ENCODE,No
QKI,K562,chr12:93417027-93417090;-,5.236,0.063,0.114,ENST00000318066,ENCODE,No
QKI,K562,chr12:93417027-93417090;-,5.236,0.063,0.114,ENST00000549490,ENCODE,No
QKI,K562,chr12:93417027-93417090;-,5.236,0.063,0.114,ENST00000549833,ENCODE,No
QKI,K562,chr12:93417027-93417090;-,5.236,0.063,0.114,ENST00000550657,ENCODE,No
QKI,K562,chr12:93417027-93417090;-,5.236,0.063,0.114,ENST00000552442,ENCODE,No
YBX3,K562,chr12:93408743-93408755;-,5.219,0.003,0.22,ENST00000318066,ENCODE,No
YBX3,K562,chr12:93408743-93408755;-,5.219,0.003,0.22,ENST00000550657,ENCODE,No
SFPQ,HepG2,chr12:93441322-93441403;-,5.212,0.357,0.589,ENST00000318066,ENCODE,No
SFPQ,HepG2,chr12:93441322-93441403;-,5.212,0.357,0.589,ENST00000549490,ENCODE,No
SFPQ,HepG2,chr12:93441322-93441403;-,5.212,0.357,0.589,ENST00000550657,ENCODE,No
SFPQ,HepG2,chr12:93441322-93441403;-,5.212,0.357,0.589,ENST00000552442,ENCODE,No
DDX6,K562,chr12:93409938-93410011;-,5.047,1,4.631,ENST00000318066,ENCODE,No
DDX6,K562,chr12:93409938-93410011;-,5.047,1,4.631,ENST00000550657,ENCODE,No
DDX6,K562,chr12:93409938-93410011;-,5.047,1,4.631,ENST00000549833,ENCODE,No
DDX6,K562,chr12:93409938-93410011;-,5.047,1,4.631,ENST00000549490,ENCODE,No
DDX6,K562,chr12:93409938-93410011;-,5.047,1,4.631,ENST00000552442,ENCODE,No
MATR3,HepG2,chr12:93438464-93438547;-,4.978,0.003,0.078,ENST00000318066,ENCODE,No
MATR3,HepG2,chr12:93438464-93438547;-,4.978,0.003,0.078,ENST00000549490,ENCODE,No
MATR3,HepG2,chr12:93438464-93438547;-,4.978,0.003,0.078,ENST00000549833,ENCODE,No
MATR3,HepG2,chr12:93438464-93438547;-,4.978,0.003,0.078,ENST00000550657,ENCODE,No
MATR3,HepG2,chr12:93438464-93438547;-,4.978,0.003,0.078,ENST00000552442,ENCODE,No
SUB1,HepG2,chr12:93409654-93409736;-,4.958,0.855,1.916,ENST00000318066,ENCODE,No
SUB1,HepG2,chr12:93409654-93409736;-,4.958,0.855,1.916,ENST00000550657,ENCODE,No
GEMIN5,K562,chr12:93441497-93441559;-,4.909,0.271,0.372,ENST00000318066,ENCODE,No
GEMIN5,K562,chr12:93441497-93441559;-,4.909,0.271,0.372,ENST00000549490,ENCODE,No
GEMIN5,K562,chr12:93441497-93441559;-,4.909,0.271,0.372,ENST00000550657,ENCODE,No
GEMIN5,K562,chr12:93441497-93441559;-,4.909,0.271,0.372,ENST00000552442,ENCODE,No
UTP3,K562,chr12:93424133-93424155;-,4.836,0.002,-0.111,ENST00000318066,ENCODE,No
UTP3,K562,chr12:93424133-93424155;-,4.836,0.002,-0.111,ENST00000549490,ENCODE,No
UTP3,K562,chr12:93424133-93424155;-,4.836,0.002,-0.111,ENST00000549833,ENCODE,No
UTP3,K562,chr12:93424133-93424155;-,4.836,0.002,-0.111,ENST00000550657,ENCODE,No
UTP3,K562,chr12:93424133-93424155;-,4.836,0.002,-0.111,ENST00000552442,ENCODE,No
XRCC6,K562,chr12:93441490-93441597;-,4.768,0.213,0.39,ENST00000318066,ENCODE,No
XRCC6,K562,chr12:93441490-93441597;-,4.768,0.213,0.39,ENST00000549490,ENCODE,No
XRCC6,K562,chr12:93441490-93441597;-,4.768,0.213,0.39,ENST00000550657,ENCODE,No
XRCC6,K562,chr12:93441490-93441597;-,4.768,0.213,0.39,ENST00000552442,ENCODE,No
TIA1,K562,chr12:93409653-93409670;-,4.74,0.544,1.056,ENST00000318066,ENCODE,No
TIA1,K562,chr12:93409653-93409670;-,4.74,0.544,1.056,ENST00000550657,ENCODE,No
CSTF2T,K562,chr12:93441629-93441718;-,4.721,0.382,0.68,ENST00000318066,ENCODE,No
CSTF2T,K562,chr12:93441629-93441718;-,4.721,0.382,0.68,ENST00000549490,ENCODE,No
CSTF2T,K562,chr12:93441629-93441718;-,4.721,0.382,0.68,ENST00000550657,ENCODE,No
CSTF2T,K562,chr12:93441629-93441718;-,4.721,0.382,0.68,ENST00000552442,ENCODE,No
PRPF8,HepG2,chr12:93411013-93411064;-,4.683,0.418,2.746,ENST00000550657,ENCODE,No
HNRNPM,HepG2,chr12:93440250-93440309;-,4.668,0.002,0.052,ENST00000318066,ENCODE,No
HNRNPM,HepG2,chr12:93440250-93440309;-,4.668,0.002,0.052,ENST00000549490,ENCODE,No
HNRNPM,HepG2,chr12:93440250-93440309;-,4.668,0.002,0.052,ENST00000549833,ENCODE,No
HNRNPM,HepG2,chr12:93440250-93440309;-,4.668,0.002,0.052,ENST00000550657,ENCODE,No
HNRNPM,HepG2,chr12:93440250-93440309;-,4.668,0.002,0.052,ENST00000552442,ENCODE,No
PTBP1,HepG2,chr12:93438239-93438314;-,4.66,0.002,-0.201,ENST00000318066,ENCODE,No
PTBP1,HepG2,chr12:93438239-93438314;-,4.66,0.002,-0.201,ENST00000549490,ENCODE,No
PTBP1,HepG2,chr12:93438239-93438314;-,4.66,0.002,-0.201,ENST00000549833,ENCODE,No
PTBP1,HepG2,chr12:93438239-93438314;-,4.66,0.002,-0.201,ENST00000550657,ENCODE,No
PTBP1,HepG2,chr12:93438239-93438314;-,4.66,0.002,-0.201,ENST00000552442,ENCODE,No
SF3B1,K562,chr12:93441453-93441457;-,4.622,0,0.342,ENST00000318066,ENCODE,No
SF3B1,K562,chr12:93441453-93441457;-,4.622,0,0.342,ENST00000549490,ENCODE,No
SF3B1,K562,chr12:93441453-93441457;-,4.622,0,0.342,ENST00000550657,ENCODE,No
SF3B1,K562,chr12:93441453-93441457;-,4.622,0,0.342,ENST00000552442,ENCODE,No
SF3B1,K562,chr12:93441457-93441473;-,4.622,0.001,-0.013,ENST00000318066,ENCODE,No
SF3B1,K562,chr12:93441457-93441473;-,4.622,0.001,-0.013,ENST00000549490,ENCODE,No
SF3B1,K562,chr12:93441457-93441473;-,4.622,0.001,-0.013,ENST00000550657,ENCODE,No
SF3B1,K562,chr12:93441457-93441473;-,4.622,0.001,-0.013,ENST00000552442,ENCODE,No
YBX3,K562,chr12:93409217-93409256;-,4.59,0.651,1.314,ENST00000318066,ENCODE,No
YBX3,K562,chr12:93409217-93409256;-,4.59,0.651,1.314,ENST00000550657,ENCODE,No
SUPV3L1,K562,chr12:93426545-93426577;-,4.586,0.006,-0.009,ENST00000318066,ENCODE,No
SUPV3L1,K562,chr12:93426545-93426577;-,4.586,0.006,-0.009,ENST00000549490,ENCODE,No
SUPV3L1,K562,chr12:93426545-93426577;-,4.586,0.006,-0.009,ENST00000549833,ENCODE,No
SUPV3L1,K562,chr12:93426545-93426577;-,4.586,0.006,-0.009,ENST00000550657,ENCODE,No
SUPV3L1,K562,chr12:93426545-93426577;-,4.586,0.006,-0.009,ENST00000552442,ENCODE,No
EFTUD2,HepG2,chr12:93441623-93441661;-,4.568,0.044,0.044,ENST00000318066,ENCODE,No
EFTUD2,HepG2,chr12:93441623-93441661;-,4.568,0.044,0.044,ENST00000549490,ENCODE,No
EFTUD2,HepG2,chr12:93441623-93441661;-,4.568,0.044,0.044,ENST00000550657,ENCODE,No
EFTUD2,HepG2,chr12:93441623-93441661;-,4.568,0.044,0.044,ENST00000552442,ENCODE,No
UTP3,K562,chr12:93441277-93441298;-,4.523,0.038,0.016,ENST00000318066,ENCODE,No
UTP3,K562,chr12:93441277-93441298;-,4.523,0.038,0.016,ENST00000549490,ENCODE,No
UTP3,K562,chr12:93441277-93441298;-,4.523,0.038,0.016,ENST00000550657,ENCODE,No
UTP3,K562,chr12:93441277-93441298;-,4.523,0.038,0.016,ENST00000552442,ENCODE,No
UTP3,K562,chr12:93441324-93441330;-,4.523,0.375,0.47,ENST00000318066,ENCODE,No
UTP3,K562,chr12:93441324-93441330;-,4.523,0.375,0.47,ENST00000549490,ENCODE,No
UTP3,K562,chr12:93441324-93441330;-,4.523,0.375,0.47,ENST00000550657,ENCODE,No
UTP3,K562,chr12:93441324-93441330;-,4.523,0.375,0.47,ENST00000552442,ENCODE,No
UTP3,K562,chr12:93441330-93441351;-,4.523,0.636,0.777,ENST00000318066,ENCODE,No
UTP3,K562,chr12:93441330-93441351;-,4.523,0.636,0.777,ENST00000549490,ENCODE,No
UTP3,K562,chr12:93441330-93441351;-,4.523,0.636,0.777,ENST00000550657,ENCODE,No
UTP3,K562,chr12:93441330-93441351;-,4.523,0.636,0.777,ENST00000552442,ENCODE,No
RPS3,K562,chr12:93410005-93410080;-,4.464,0.994,4.315,ENST00000550657,ENCODE,No
PCBP2,HepG2,chr12:93438344-93438403;-,4.418,0.09,0.112,ENST00000318066,ENCODE,No
PCBP2,HepG2,chr12:93438344-93438403;-,4.418,0.09,0.112,ENST00000549490,ENCODE,No
PCBP2,HepG2,chr12:93438344-93438403;-,4.418,0.09,0.112,ENST00000549833,ENCODE,No
PCBP2,HepG2,chr12:93438344-93438403;-,4.418,0.09,0.112,ENST00000550657,ENCODE,No
PCBP2,HepG2,chr12:93438344-93438403;-,4.418,0.09,0.112,ENST00000552442,ENCODE,No
XRN2,K562,chr12:93441486-93441560;-,4.398,0.309,0.437,ENST00000318066,ENCODE,No
XRN2,K562,chr12:93441486-93441560;-,4.398,0.309,0.437,ENST00000549490,ENCODE,No
XRN2,K562,chr12:93441486-93441560;-,4.398,0.309,0.437,ENST00000550657,ENCODE,No
XRN2,K562,chr12:93441486-93441560;-,4.398,0.309,0.437,ENST00000552442,ENCODE,No
ILF3,HepG2,chr12:93439180-93439288;-,4.365,0.002,-0.066,ENST00000318066,ENCODE,No
ILF3,HepG2,chr12:93439180-93439288;-,4.365,0.002,-0.066,ENST00000549490,ENCODE,No
ILF3,HepG2,chr12:93439180-93439288;-,4.365,0.002,-0.066,ENST00000549833,ENCODE,No
ILF3,HepG2,chr12:93439180-93439288;-,4.365,0.002,-0.066,ENST00000550657,ENCODE,No
ILF3,HepG2,chr12:93439180-93439288;-,4.365,0.002,-0.066,ENST00000552442,ENCODE,No
TBRG4,HepG2,chr12:93409141-93409148;-,4.322,0.978,1.161,ENST00000318066,ENCODE,No
TBRG4,HepG2,chr12:93409141-93409148;-,4.322,0.978,1.161,ENST00000550657,ENCODE,No
TBRG4,HepG2,chr12:93409148-93409183;-,4.322,0.577,1.051,ENST00000318066,ENCODE,No
TBRG4,HepG2,chr12:93409148-93409183;-,4.322,0.577,1.051,ENST00000550657,ENCODE,No
RPS3,HepG2,chr12:93411189-93411225;-,4.185,0.998,6.177,ENST00000550657,ENCODE,No
RPS3,HepG2,chr12:93411189-93411225;-,4.185,0.998,6.177,ENST00000318066,ENCODE,No
RPS3,HepG2,chr12:93411189-93411225;-,4.185,0.998,6.177,ENST00000552442,ENCODE,No
RPS3,HepG2,chr12:93411189-93411225;-,4.185,0.998,6.177,ENST00000549490,ENCODE,No
EFTUD2,HepG2,chr12:93441545-93441565;-,4.137,0.166,0.228,ENST00000318066,ENCODE,No
EFTUD2,HepG2,chr12:93441545-93441565;-,4.137,0.166,0.228,ENST00000549490,ENCODE,No
EFTUD2,HepG2,chr12:93441545-93441565;-,4.137,0.166,0.228,ENST00000550657,ENCODE,No
EFTUD2,HepG2,chr12:93441545-93441565;-,4.137,0.166,0.228,ENST00000552442,ENCODE,No
PTBP1,HepG2,chr12:93441392-93441471;-,4.135,0.008,-0.132,ENST00000318066,ENCODE,No
PTBP1,HepG2,chr12:93441392-93441471;-,4.135,0.008,-0.132,ENST00000549490,ENCODE,No
PTBP1,HepG2,chr12:93441392-93441471;-,4.135,0.008,-0.132,ENST00000550657,ENCODE,No
PTBP1,HepG2,chr12:93441392-93441471;-,4.135,0.008,-0.132,ENST00000552442,ENCODE,No
UPF1,HepG2,chr12:93409570-93409674;-,4.13,0.918,2.698,ENST00000318066,ENCODE,No
UPF1,HepG2,chr12:93409570-93409674;-,4.13,0.918,2.698,ENST00000550657,ENCODE,No
DDX51,K562,chr12:93441524-93441562;-,4.114,0.112,0.362,ENST00000318066,ENCODE,No
DDX51,K562,chr12:93441524-93441562;-,4.114,0.112,0.362,ENST00000549490,ENCODE,No
DDX51,K562,chr12:93441524-93441562;-,4.114,0.112,0.362,ENST00000550657,ENCODE,No
DDX51,K562,chr12:93441524-93441562;-,4.114,0.112,0.362,ENST00000552442,ENCODE,No
UTP3,K562,chr12:93441970-93441977;-,4.083,0.999,2.336,ENST00000318066,ENCODE,No
UTP3,K562,chr12:93441977-93442002;-,4.083,0.681,1.331,ENST00000318066,ENCODE,No
UTP3,K562,chr12:93431649-93431682;-,3.974,0.039,0.172,ENST00000318066,ENCODE,No
UTP3,K562,chr12:93431649-93431682;-,3.974,0.039,0.172,ENST00000549490,ENCODE,No
UTP3,K562,chr12:93431649-93431682;-,3.974,0.039,0.172,ENST00000549833,ENCODE,No
UTP3,K562,chr12:93431649-93431682;-,3.974,0.039,0.172,ENST00000550657,ENCODE,No
UTP3,K562,chr12:93431649-93431682;-,3.974,0.039,0.172,ENST00000552442,ENCODE,No
MATR3,HepG2,chr12:93441284-93441348;-,3.97,0.397,0.523,ENST00000318066,ENCODE,No
MATR3,HepG2,chr12:93441284-93441348;-,3.97,0.397,0.523,ENST00000549490,ENCODE,No
MATR3,HepG2,chr12:93441284-93441348;-,3.97,0.397,0.523,ENST00000550657,ENCODE,No
MATR3,HepG2,chr12:93441284-93441348;-,3.97,0.397,0.523,ENST00000552442,ENCODE,No
NONO,K562,chr12:93441470-93441520;-,3.897,0.403,0.587,ENST00000318066,ENCODE,No
NONO,K562,chr12:93441470-93441520;-,3.897,0.403,0.587,ENST00000549490,ENCODE,No
NONO,K562,chr12:93441470-93441520;-,3.897,0.403,0.587,ENST00000550657,ENCODE,No
NONO,K562,chr12:93441470-93441520;-,3.897,0.403,0.587,ENST00000552442,ENCODE,No
PCBP2,HepG2,chr12:93437388-93437431;-,3.869,0.007,-0.397,ENST00000318066,ENCODE,No
PCBP2,HepG2,chr12:93437388-93437431;-,3.869,0.007,-0.397,ENST00000549490,ENCODE,No
PCBP2,HepG2,chr12:93437388-93437431;-,3.869,0.007,-0.397,ENST00000549833,ENCODE,No
PCBP2,HepG2,chr12:93437388-93437431;-,3.869,0.007,-0.397,ENST00000550657,ENCODE,No
PCBP2,HepG2,chr12:93437388-93437431;-,3.869,0.007,-0.397,ENST00000552442,ENCODE,No
SF3B4,K562,chr12:93410878-93410932;-,3.84,0.247,0.841,ENST00000550657,ENCODE,No
FAM120A,HepG2,chr12:93441202-93441253;-,3.834,0.022,0.009,ENST00000549833,ENCODE,No
U2AF2,HepG2,chr12:93410974-93411008;-,3.832,0.233,0.563,ENST00000550657,ENCODE,No
SUPV3L1,K562,chr12:93440687-93440725;-,3.822,0.014,-0.005,ENST00000318066,ENCODE,No
SUPV3L1,K562,chr12:93440687-93440725;-,3.822,0.014,-0.005,ENST00000549490,ENCODE,No
SUPV3L1,K562,chr12:93440687-93440725;-,3.822,0.014,-0.005,ENST00000549833,ENCODE,No
SUPV3L1,K562,chr12:93440687-93440725;-,3.822,0.014,-0.005,ENST00000550657,ENCODE,No
SUPV3L1,K562,chr12:93440687-93440725;-,3.822,0.014,-0.005,ENST00000552442,ENCODE,No
TIA1,K562,chr12:93409560-93409602;-,3.821,0.999,3.542,ENST00000318066,ENCODE,No
TIA1,K562,chr12:93409560-93409602;-,3.821,0.999,3.542,ENST00000550657,ENCODE,No
DHX30,K562,chr12:93441399-93441445;-,3.82,0.002,-0.412,ENST00000318066,ENCODE,No
DHX30,K562,chr12:93441399-93441445;-,3.82,0.002,-0.412,ENST00000549490,ENCODE,No
DHX30,K562,chr12:93441399-93441445;-,3.82,0.002,-0.412,ENST00000550657,ENCODE,No
DHX30,K562,chr12:93441399-93441445;-,3.82,0.002,-0.412,ENST00000552442,ENCODE,No
SF3A3,HepG2,chr12:93441641-93441705;-,3.778,0.432,0.836,ENST00000318066,ENCODE,No
SF3A3,HepG2,chr12:93441641-93441705;-,3.778,0.432,0.836,ENST00000549490,ENCODE,No
SF3A3,HepG2,chr12:93441641-93441705;-,3.778,0.432,0.836,ENST00000550657,ENCODE,No
SF3A3,HepG2,chr12:93441641-93441705;-,3.778,0.432,0.836,ENST00000552442,ENCODE,No
U2AF2,HepG2,chr12:93411130-93411166;-,3.775,1,6.321,ENST00000550657,ENCODE,No
U2AF2,HepG2,chr12:93411130-93411166;-,3.775,1,6.321,ENST00000318066,ENCODE,No
U2AF2,HepG2,chr12:93411130-93411166;-,3.775,1,6.321,ENST00000552442,ENCODE,No
U2AF2,HepG2,chr12:93411130-93411166;-,3.775,1,6.321,ENST00000549490,ENCODE,No
UTP3,K562,chr12:93431639-93431649;-,3.759,0.011,0.295,ENST00000318066,ENCODE,No
UTP3,K562,chr12:93431639-93431649;-,3.759,0.011,0.295,ENST00000549490,ENCODE,No
UTP3,K562,chr12:93431639-93431649;-,3.759,0.011,0.295,ENST00000549833,ENCODE,No
UTP3,K562,chr12:93431639-93431649;-,3.759,0.011,0.295,ENST00000550657,ENCODE,No
UTP3,K562,chr12:93431639-93431649;-,3.759,0.011,0.295,ENST00000552442,ENCODE,No
TBRG4,K562,chr12:93441611-93441691;-,3.75,0.338,0.495,ENST00000318066,ENCODE,No
TBRG4,K562,chr12:93441611-93441691;-,3.75,0.338,0.495,ENST00000549490,ENCODE,No
TBRG4,K562,chr12:93441611-93441691;-,3.75,0.338,0.495,ENST00000550657,ENCODE,No
TBRG4,K562,chr12:93441611-93441691;-,3.75,0.338,0.495,ENST00000552442,ENCODE,No
RBM5,HepG2,chr12:93441629-93441729;-,3.742,0.372,0.704,ENST00000318066,ENCODE,No
RBM5,HepG2,chr12:93441629-93441729;-,3.742,0.372,0.704,ENST00000549490,ENCODE,No
RBM5,HepG2,chr12:93441629-93441729;-,3.742,0.372,0.704,ENST00000550657,ENCODE,No
RBM5,HepG2,chr12:93441629-93441729;-,3.742,0.372,0.704,ENST00000552442,ENCODE,No
SF3B1,K562,chr12:93408298-93408304;-,3.739,0.266,0.605,ENST00000318066,ENCODE,No
SF3B1,K562,chr12:93408304-93408324;-,3.739,0.444,1.004,ENST00000318066,ENCODE,No
SF3B1,K562,chr12:93413131-93413139;-,3.668,0.529,0.25,ENST00000318066,ENCODE,No
SF3B1,K562,chr12:93413131-93413139;-,3.668,0.529,0.25,ENST00000549490,ENCODE,No
SF3B1,K562,chr12:93413131-93413139;-,3.668,0.529,0.25,ENST00000549833,ENCODE,No
SF3B1,K562,chr12:93413131-93413139;-,3.668,0.529,0.25,ENST00000550657,ENCODE,No
SF3B1,K562,chr12:93413131-93413139;-,3.668,0.529,0.25,ENST00000552442,ENCODE,No
SF3B1,K562,chr12:93441012-93441025;-,3.668,0,-0.208,ENST00000318066,ENCODE,No
SF3B1,K562,chr12:93441012-93441025;-,3.668,0,-0.208,ENST00000549490,ENCODE,No
SF3B1,K562,chr12:93441012-93441025;-,3.668,0,-0.208,ENST00000549833,ENCODE,No
SF3B1,K562,chr12:93441012-93441025;-,3.668,0,-0.208,ENST00000550657,ENCODE,No
SF3B1,K562,chr12:93441012-93441025;-,3.668,0,-0.208,ENST00000552442,ENCODE,No
HNRNPC,HepG2,chr12:93437312-93437362;-,3.65,0.004,-0.13,ENST00000318066,ENCODE,No
HNRNPC,HepG2,chr12:93437312-93437362;-,3.65,0.004,-0.13,ENST00000549490,ENCODE,No
HNRNPC,HepG2,chr12:93437312-93437362;-,3.65,0.004,-0.13,ENST00000549833,ENCODE,No
HNRNPC,HepG2,chr12:93437312-93437362;-,3.65,0.004,-0.13,ENST00000550657,ENCODE,No
HNRNPC,HepG2,chr12:93437312-93437362;-,3.65,0.004,-0.13,ENST00000552442,ENCODE,No
HNRNPM,HepG2,chr12:93440460-93440505;-,3.638,0.005,0.064,ENST00000318066,ENCODE,No
HNRNPM,HepG2,chr12:93440460-93440505;-,3.638,0.005,0.064,ENST00000549490,ENCODE,No
HNRNPM,HepG2,chr12:93440460-93440505;-,3.638,0.005,0.064,ENST00000549833,ENCODE,No
HNRNPM,HepG2,chr12:93440460-93440505;-,3.638,0.005,0.064,ENST00000550657,ENCODE,No
HNRNPM,HepG2,chr12:93440460-93440505;-,3.638,0.005,0.064,ENST00000552442,ENCODE,No
HNRNPM,HepG2,chr12:93440464-93440508;-,3.612,0.005,0.049,ENST00000318066,ENCODE,No
HNRNPM,HepG2,chr12:93440464-93440508;-,3.612,0.005,0.049,ENST00000549490,ENCODE,No
HNRNPM,HepG2,chr12:93440464-93440508;-,3.612,0.005,0.049,ENST00000549833,ENCODE,No
HNRNPM,HepG2,chr12:93440464-93440508;-,3.612,0.005,0.049,ENST00000550657,ENCODE,No
HNRNPM,HepG2,chr12:93440464-93440508;-,3.612,0.005,0.049,ENST00000552442,ENCODE,No
SF3B1,K562,chr12:93426120-93426124;-,3.584,0.007,0.427,ENST00000318066,ENCODE,No
SF3B1,K562,chr12:93426120-93426124;-,3.584,0.007,0.427,ENST00000549490,ENCODE,No
SF3B1,K562,chr12:93426120-93426124;-,3.584,0.007,0.427,ENST00000549833,ENCODE,No
SF3B1,K562,chr12:93426120-93426124;-,3.584,0.007,0.427,ENST00000550657,ENCODE,No
SF3B1,K562,chr12:93426120-93426124;-,3.584,0.007,0.427,ENST00000552442,ENCODE,No
RBM22,HepG2,chr12:93441773-93441824;-,3.55,0.002,-0.127,ENST00000318066,ENCODE,No
RBM22,HepG2,chr12:93441773-93441824;-,3.55,0.002,-0.127,ENST00000549490,ENCODE,No
RBM22,HepG2,chr12:93441773-93441824;-,3.55,0.002,-0.127,ENST00000550657,ENCODE,No
RBM22,HepG2,chr12:93441773-93441824;-,3.55,0.002,-0.127,ENST00000552442,ENCODE,No
DDX51,K562,chr12:93441433-93441478;-,3.543,0.001,0.029,ENST00000318066,ENCODE,No
DDX51,K562,chr12:93441433-93441478;-,3.543,0.001,0.029,ENST00000549490,ENCODE,No
DDX51,K562,chr12:93441433-93441478;-,3.543,0.001,0.029,ENST00000550657,ENCODE,No
DDX51,K562,chr12:93441433-93441478;-,3.543,0.001,0.029,ENST00000552442,ENCODE,No
RBM22,K562,chr12:93441770-93441825;-,3.536,0.002,-0.171,ENST00000318066,ENCODE,No
RBM22,K562,chr12:93441770-93441825;-,3.536,0.002,-0.171,ENST00000549490,ENCODE,No
RBM22,K562,chr12:93441770-93441825;-,3.536,0.002,-0.171,ENST00000550657,ENCODE,No
RBM22,K562,chr12:93441770-93441825;-,3.536,0.002,-0.171,ENST00000552442,ENCODE,No
KHSRP,K562,chr12:93440828-93440909;-,3.491,0.004,-0.058,ENST00000318066,ENCODE,No
KHSRP,K562,chr12:93440828-93440909;-,3.491,0.004,-0.058,ENST00000549490,ENCODE,No
KHSRP,K562,chr12:93440828-93440909;-,3.491,0.004,-0.058,ENST00000549833,ENCODE,No
KHSRP,K562,chr12:93440828-93440909;-,3.491,0.004,-0.058,ENST00000550657,ENCODE,No
KHSRP,K562,chr12:93440828-93440909;-,3.491,0.004,-0.058,ENST00000552442,ENCODE,No
SUPV3L1,K562,chr12:93426535-93426545;-,3.468,0.006,0.322,ENST00000318066,ENCODE,No
SUPV3L1,K562,chr12:93426535-93426545;-,3.468,0.006,0.322,ENST00000549490,ENCODE,No
SUPV3L1,K562,chr12:93426535-93426545;-,3.468,0.006,0.322,ENST00000549833,ENCODE,No
SUPV3L1,K562,chr12:93426535-93426545;-,3.468,0.006,0.322,ENST00000550657,ENCODE,No
SUPV3L1,K562,chr12:93426535-93426545;-,3.468,0.006,0.322,ENST00000552442,ENCODE,No
EFTUD2,HepG2,chr12:93441724-93441744;-,3.449,0.378,0.604,ENST00000318066,ENCODE,No
EFTUD2,HepG2,chr12:93441724-93441744;-,3.449,0.378,0.604,ENST00000549490,ENCODE,No
EFTUD2,HepG2,chr12:93441724-93441744;-,3.449,0.378,0.604,ENST00000550657,ENCODE,No
EFTUD2,HepG2,chr12:93441724-93441744;-,3.449,0.378,0.604,ENST00000552442,ENCODE,No
CSTF2T,K562,chr12:93441533-93441613;-,3.388,0.095,0.285,ENST00000318066,ENCODE,No
CSTF2T,K562,chr12:93441533-93441613;-,3.388,0.095,0.285,ENST00000549490,ENCODE,No
CSTF2T,K562,chr12:93441533-93441613;-,3.388,0.095,0.285,ENST00000550657,ENCODE,No
CSTF2T,K562,chr12:93441533-93441613;-,3.388,0.095,0.285,ENST00000552442,ENCODE,No
SF3B1,K562,chr12:93413139-93413167;-,3.376,0.225,0.281,ENST00000318066,ENCODE,No
SF3B1,K562,chr12:93413139-93413167;-,3.376,0.225,0.281,ENST00000549490,ENCODE,No
SF3B1,K562,chr12:93413139-93413167;-,3.376,0.225,0.281,ENST00000549833,ENCODE,No
SF3B1,K562,chr12:93413139-93413167;-,3.376,0.225,0.281,ENST00000550657,ENCODE,No
SF3B1,K562,chr12:93413139-93413167;-,3.376,0.225,0.281,ENST00000552442,ENCODE,No
SF3B1,K562,chr12:93441008-93441012;-,3.376,0,-0.142,ENST00000318066,ENCODE,No
SF3B1,K562,chr12:93441008-93441012;-,3.376,0,-0.142,ENST00000549490,ENCODE,No
SF3B1,K562,chr12:93441008-93441012;-,3.376,0,-0.142,ENST00000549833,ENCODE,No
SF3B1,K562,chr12:93441008-93441012;-,3.376,0,-0.142,ENST00000550657,ENCODE,No
SF3B1,K562,chr12:93441008-93441012;-,3.376,0,-0.142,ENST00000552442,ENCODE,No
WRN,K562,chr12:93441275-93441312;-,3.37,0.088,0.244,ENST00000318066,ENCODE,No
WRN,K562,chr12:93441275-93441312;-,3.37,0.088,0.244,ENST00000549490,ENCODE,No
WRN,K562,chr12:93441275-93441312;-,3.37,0.088,0.244,ENST00000550657,ENCODE,No
WRN,K562,chr12:93441275-93441312;-,3.37,0.088,0.244,ENST00000552442,ENCODE,No
XRN2,HepG2,chr12:93441399-93441448;-,3.341,0.002,-0.346,ENST00000318066,ENCODE,No
XRN2,HepG2,chr12:93441399-93441448;-,3.341,0.002,-0.346,ENST00000549490,ENCODE,No
XRN2,HepG2,chr12:93441399-93441448;-,3.341,0.002,-0.346,ENST00000550657,ENCODE,No
XRN2,HepG2,chr12:93441399-93441448;-,3.341,0.002,-0.346,ENST00000552442,ENCODE,No
UTP3,K562,chr12:93410316-93410324;-,3.332,0.002,0.436,ENST00000550657,ENCODE,No
UTP3,K562,chr12:93410324-93410351;-,3.332,0,-0.49,ENST00000550657,ENCODE,No
PRPF8,K562,chr12:93410651-93410700;-,3.313,0.003,-0.091,ENST00000550657,ENCODE,No
SF3B1,K562,chr12:93426124-93426138;-,3.297,0.002,0.199,ENST00000318066,ENCODE,No
SF3B1,K562,chr12:93426124-93426138;-,3.297,0.002,0.199,ENST00000549490,ENCODE,No
SF3B1,K562,chr12:93426124-93426138;-,3.297,0.002,0.199,ENST00000549833,ENCODE,No
SF3B1,K562,chr12:93426124-93426138;-,3.297,0.002,0.199,ENST00000550657,ENCODE,No
SF3B1,K562,chr12:93426124-93426138;-,3.297,0.002,0.199,ENST00000552442,ENCODE,No
HNRNPM,HepG2,chr12:93425579-93425612;-,3.292,0.002,-0.054,ENST00000318066,ENCODE,No
HNRNPM,HepG2,chr12:93425579-93425612;-,3.292,0.002,-0.054,ENST00000549490,ENCODE,No
HNRNPM,HepG2,chr12:93425579-93425612;-,3.292,0.002,-0.054,ENST00000549833,ENCODE,No
HNRNPM,HepG2,chr12:93425579-93425612;-,3.292,0.002,-0.054,ENST00000550657,ENCODE,No
HNRNPM,HepG2,chr12:93425579-93425612;-,3.292,0.002,-0.054,ENST00000552442,ENCODE,No
AQR,K562,chr12:93410687-93410734;-,3.283,0.128,0.786,ENST00000550657,ENCODE,No
UPF1,K562,chr12:93409046-93409069;-,3.282,0.156,0.666,ENST00000318066,ENCODE,No
UPF1,K562,chr12:93409046-93409069;-,3.282,0.156,0.666,ENST00000550657,ENCODE,No
PCBP2,HepG2,chr12:93437380-93437432;-,3.272,0.007,-0.324,ENST00000318066,ENCODE,No
PCBP2,HepG2,chr12:93437380-93437432;-,3.272,0.007,-0.324,ENST00000549490,ENCODE,No
PCBP2,HepG2,chr12:93437380-93437432;-,3.272,0.007,-0.324,ENST00000549833,ENCODE,No
PCBP2,HepG2,chr12:93437380-93437432;-,3.272,0.007,-0.324,ENST00000550657,ENCODE,No
PCBP2,HepG2,chr12:93437380-93437432;-,3.272,0.007,-0.324,ENST00000552442,ENCODE,No
TIA1,K562,chr12:93408583-93408645;-,3.266,0.04,0.385,ENST00000318066,ENCODE,No
TIA1,K562,chr12:93408583-93408645;-,3.266,0.04,0.385,ENST00000550657,ENCODE,No
GEMIN5,K562,chr12:93441412-93441445;-,3.26,0.001,-0.444,ENST00000318066,ENCODE,No
GEMIN5,K562,chr12:93441412-93441445;-,3.26,0.001,-0.444,ENST00000549490,ENCODE,No
GEMIN5,K562,chr12:93441412-93441445;-,3.26,0.001,-0.444,ENST00000550657,ENCODE,No
GEMIN5,K562,chr12:93441412-93441445;-,3.26,0.001,-0.444,ENST00000552442,ENCODE,No
LARP4,HepG2,chr12:93441654-93441713;-,3.249,0.522,1.002,ENST00000318066,ENCODE,No
LARP4,HepG2,chr12:93441654-93441713;-,3.249,0.522,1.002,ENST00000549490,ENCODE,No
LARP4,HepG2,chr12:93441654-93441713;-,3.249,0.522,1.002,ENST00000550657,ENCODE,No
LARP4,HepG2,chr12:93441654-93441713;-,3.249,0.522,1.002,ENST00000552442,ENCODE,No
WRN,K562,chr12:93416462-93416471;-,3.224,0.067,0.319,ENST00000318066,ENCODE,No
WRN,K562,chr12:93416462-93416471;-,3.224,0.067,0.319,ENST00000549490,ENCODE,No
WRN,K562,chr12:93416462-93416471;-,3.224,0.067,0.319,ENST00000549833,ENCODE,No
WRN,K562,chr12:93416462-93416471;-,3.224,0.067,0.319,ENST00000550657,ENCODE,No
WRN,K562,chr12:93416462-93416471;-,3.224,0.067,0.319,ENST00000552442,ENCODE,No
WRN,K562,chr12:93416471-93416502;-,3.224,0.014,0.011,ENST00000318066,ENCODE,No
WRN,K562,chr12:93416471-93416502;-,3.224,0.014,0.011,ENST00000549490,ENCODE,No
WRN,K562,chr12:93416471-93416502;-,3.224,0.014,0.011,ENST00000549833,ENCODE,No
WRN,K562,chr12:93416471-93416502;-,3.224,0.014,0.011,ENST00000550657,ENCODE,No
WRN,K562,chr12:93416471-93416502;-,3.224,0.014,0.011,ENST00000552442,ENCODE,No
U2AF1,K562,chr12:93409622-93409676;-,3.204,0.84,1.929,ENST00000318066,ENCODE,No
U2AF1,K562,chr12:93409622-93409676;-,3.204,0.84,1.929,ENST00000550657,ENCODE,No
HNRNPM,HepG2,chr12:93440324-93440365;-,3.204,0.114,0.221,ENST00000318066,ENCODE,No
HNRNPM,HepG2,chr12:93440324-93440365;-,3.204,0.114,0.221,ENST00000549490,ENCODE,No
HNRNPM,HepG2,chr12:93440324-93440365;-,3.204,0.114,0.221,ENST00000549833,ENCODE,No
HNRNPM,HepG2,chr12:93440324-93440365;-,3.204,0.114,0.221,ENST00000550657,ENCODE,No
HNRNPM,HepG2,chr12:93440324-93440365;-,3.204,0.114,0.221,ENST00000552442,ENCODE,No
DDX3X,HepG2,chr12:93442032-93442075;-,3.155,0.142,0.322,ENST00000318066,ENCODE,No
FAM120A,HepG2,chr12:93409542-93409600;-,3.148,0.963,3.21,ENST00000318066,ENCODE,No
FAM120A,HepG2,chr12:93409542-93409600;-,3.148,0.963,3.21,ENST00000550657,ENCODE,No
SF3B1,K562,chr12:93419905-93419914;-,3.142,0,-0.539,ENST00000318066,ENCODE,No
SF3B1,K562,chr12:93419905-93419914;-,3.142,0,-0.539,ENST00000549490,ENCODE,No
SF3B1,K562,chr12:93419905-93419914;-,3.142,0,-0.539,ENST00000549833,ENCODE,No
SF3B1,K562,chr12:93419905-93419914;-,3.142,0,-0.539,ENST00000550657,ENCODE,No
SF3B1,K562,chr12:93419905-93419914;-,3.142,0,-0.539,ENST00000552442,ENCODE,No
SF3B1,K562,chr12:93419914-93419943;-,3.142,0,-0.426,ENST00000318066,ENCODE,No
SF3B1,K562,chr12:93419914-93419943;-,3.142,0,-0.426,ENST00000549490,ENCODE,No
SF3B1,K562,chr12:93419914-93419943;-,3.142,0,-0.426,ENST00000549833,ENCODE,No
SF3B1,K562,chr12:93419914-93419943;-,3.142,0,-0.426,ENST00000550657,ENCODE,No
SF3B1,K562,chr12:93419914-93419943;-,3.142,0,-0.426,ENST00000552442,ENCODE,No
PRPF8,K562,chr12:93441295-93441336;-,3.115,0.372,0.546,ENST00000318066,ENCODE,No
PRPF8,K562,chr12:93441295-93441336;-,3.115,0.372,0.546,ENST00000549490,ENCODE,No
PRPF8,K562,chr12:93441295-93441336;-,3.115,0.372,0.546,ENST00000550657,ENCODE,No
PRPF8,K562,chr12:93441295-93441336;-,3.115,0.372,0.546,ENST00000552442,ENCODE,No
NCBP2,HepG2,chr12:93441302-93441347;-,3.115,0.552,0.786,ENST00000318066,ENCODE,No
NCBP2,HepG2,chr12:93441302-93441347;-,3.115,0.552,0.786,ENST00000549490,ENCODE,No
NCBP2,HepG2,chr12:93441302-93441347;-,3.115,0.552,0.786,ENST00000550657,ENCODE,No
NCBP2,HepG2,chr12:93441302-93441347;-,3.115,0.552,0.786,ENST00000552442,ENCODE,No
TIA1,K562,chr12:93408590-93408662;-,3.083,0.008,0.295,ENST00000318066,ENCODE,No
TIA1,K562,chr12:93408590-93408662;-,3.083,0.008,0.295,ENST00000550657,ENCODE,No
PCBP2,HepG2,chr12:93438339-93438373;-,3.077,0.01,-0.016,ENST00000318066,ENCODE,No
PCBP2,HepG2,chr12:93438339-93438373;-,3.077,0.01,-0.016,ENST00000549490,ENCODE,No
PCBP2,HepG2,chr12:93438339-93438373;-,3.077,0.01,-0.016,ENST00000549833,ENCODE,No
PCBP2,HepG2,chr12:93438339-93438373;-,3.077,0.01,-0.016,ENST00000550657,ENCODE,No
PCBP2,HepG2,chr12:93438339-93438373;-,3.077,0.01,-0.016,ENST00000552442,ENCODE,No
PCBP2,HepG2,chr12:93441647-93441705;-,3.077,0.476,0.912,ENST00000318066,ENCODE,No
PCBP2,HepG2,chr12:93441647-93441705;-,3.077,0.476,0.912,ENST00000549490,ENCODE,No
PCBP2,HepG2,chr12:93441647-93441705;-,3.077,0.476,0.912,ENST00000550657,ENCODE,No
PCBP2,HepG2,chr12:93441647-93441705;-,3.077,0.476,0.912,ENST00000552442,ENCODE,No
PABPN1,HepG2,chr12:93409530-93409629;-,3.062,0.978,3.332,ENST00000318066,ENCODE,No
PABPN1,HepG2,chr12:93409530-93409629;-,3.062,0.978,3.332,ENST00000550657,ENCODE,No
U2AF2,HepG2,chr12:93438235-93438307;-,3.056,0.003,-0.225,ENST00000318066,ENCODE,No
U2AF2,HepG2,chr12:93438235-93438307;-,3.056,0.003,-0.225,ENST00000549490,ENCODE,No
U2AF2,HepG2,chr12:93438235-93438307;-,3.056,0.003,-0.225,ENST00000549833,ENCODE,No
U2AF2,HepG2,chr12:93438235-93438307;-,3.056,0.003,-0.225,ENST00000550657,ENCODE,No
U2AF2,HepG2,chr12:93438235-93438307;-,3.056,0.003,-0.225,ENST00000552442,ENCODE,No
PRPF8,HepG2,chr12:93410685-93410725;-,3.051,0.002,0.184,ENST00000550657,ENCODE,No
PRPF8,HepG2,chr12:93441778-93441793;-,3.051,0,-0.076,ENST00000318066,ENCODE,No
PRPF8,HepG2,chr12:93441778-93441793;-,3.051,0,-0.076,ENST00000549490,ENCODE,No
PRPF8,HepG2,chr12:93441778-93441793;-,3.051,0,-0.076,ENST00000550657,ENCODE,No
PRPF8,HepG2,chr12:93441778-93441793;-,3.051,0,-0.076,ENST00000552442,ENCODE,No
EXOSC5,K562,chr12:93425652-93425713;-,3.027,0.128,0.027,ENST00000318066,ENCODE,No
EXOSC5,K562,chr12:93425652-93425713;-,3.027,0.128,0.027,ENST00000549490,ENCODE,No
EXOSC5,K562,chr12:93425652-93425713;-,3.027,0.128,0.027,ENST00000549833,ENCODE,No
EXOSC5,K562,chr12:93425652-93425713;-,3.027,0.128,0.027,ENST00000550657,ENCODE,No
EXOSC5,K562,chr12:93425652-93425713;-,3.027,0.128,0.027,ENST00000552442,ENCODE,No
DROSHA,HepG2,chr12:93441260-93441325;-,3.025,0.173,0.281,ENST00000318066,ENCODE,No
DROSHA,HepG2,chr12:93441260-93441325;-,3.025,0.173,0.281,ENST00000549490,ENCODE,No
DROSHA,HepG2,chr12:93441260-93441325;-,3.025,0.173,0.281,ENST00000550657,ENCODE,No
DROSHA,HepG2,chr12:93441260-93441325;-,3.025,0.173,0.281,ENST00000552442,ENCODE,No
IGF2BP1,K562,chr12:93408932-93408973;-,3.023,0.288,0.653,ENST00000318066,ENCODE,No
IGF2BP1,K562,chr12:93408932-93408973;-,3.023,0.288,0.653,ENST00000550657,ENCODE,No
PRPF8,K562,chr12:93441147-93441203;-,3.023,0.475,0.556,ENST00000549833,ENCODE,No
TIA1,K562,chr12:93409558-93409596;-,3.021,0.999,3.352,ENST00000318066,ENCODE,No
TIA1,K562,chr12:93409558-93409596;-,3.021,0.999,3.352,ENST00000550657,ENCODE,No
SFPQ,HepG2,chr12:93425144-93425192;-,3.01,0.18,0.42,ENST00000318066,ENCODE,No
SFPQ,HepG2,chr12:93425144-93425192;-,3.01,0.18,0.42,ENST00000549490,ENCODE,No
SFPQ,HepG2,chr12:93425144-93425192;-,3.01,0.18,0.42,ENST00000549833,ENCODE,No
SFPQ,HepG2,chr12:93425144-93425192;-,3.01,0.18,0.42,ENST00000550657,ENCODE,No
SFPQ,HepG2,chr12:93425144-93425192;-,3.01,0.18,0.42,ENST00000552442,ENCODE,No
